address_id,street,city,state,zip
1,41 Dahle Junction,Yakima,WA,98907
2,9968 Schlimgen Pass,Des Moines,IA,50936
3,5921 Golden Leaf Trail,Dallas,TX,75210
4,775 Valley Edge Place,Washington,DC,20010
5,5061 Haas Pass,Myrtle Beach,SC,29579
6,7262 Waywood Crossing,Nashville,TN,37220
7,28 Wayridge Park,Louisville,KY,40287
8,9611 Fieldstone Way,Birmingham,AL,35225
9,0 Continental Terrace,Roanoke,VA,24040
10,90737 Sundown Trail,Mesa,AZ,85210
11,8 Union Place,Duluth,GA,30195
12,87181 Superior Street,Aurora,IL,60505
13,421 Hansons Avenue,Port Washington,NY,11054
14,56 Springs Point,Little Rock,AR,72209
15,74 Jay Avenue,Lancaster,PA,17622
16,450 Hansons Place,Atlanta,GA,30356
17,34 Bluejay Alley,Cleveland,OH,44177
18,4 Mesta Street,Washington,DC,20244
19,22 Cherokee Alley,Houston,TX,77005
20,5662 International Trail,Washington,DC,20231
21,47690 Vidon Terrace,Raleigh,NC,27615
22,4468 Dexter Alley,Fort Worth,TX,76105
23,523 Namekagon Circle,Philadelphia,PA,19146
24,833 Havey Circle,Sarasota,FL,34238
25,66 Maple Wood Lane,Baltimore,MD,21216
26,1911 Carioca Trail,Syracuse,NY,13217
27,56 Anthes Place,Tampa,FL,33673
28,491 Redwing Street,Levittown,PA,19058
29,4 Derek Center,Oklahoma City,OK,73135
30,095 Butterfield Court,Memphis,TN,38136
31,76930 Petterle Lane,San Antonio,TX,78278
32,8 Menomonie Junction,Richmond,VA,23293
33,12 Miller Circle,Idaho Falls,ID,83405
34,0439 Algoma Terrace,Sarasota,FL,34238
35,2 Gale Avenue,Atlanta,GA,30301
36,50517 Heffernan Place,Des Moines,IA,50310
37,5576 Huxley Center,Lawrenceville,GA,30245
38,644 Maryland Junction,Decatur,GA,30033
39,26026 Katie Center,Portland,OR,97211
40,0 Ridgeway Junction,Greensboro,NC,27455
41,06605 Swallow Trail,Paterson,NJ,07544
42,8 Iowa Trail,Virginia Beach,VA,23454
43,01 Lunder Drive,Phoenix,AZ,85020
44,5 Veith Plaza,Daytona Beach,FL,32128
45,2 Eastlawn Terrace,Lexington,KY,40586
46,83 Stoughton Crossing,Spokane,WA,99252
47,92 Stephen Lane,Madison,WI,53785
48,92434 Tennyson Drive,Chattanooga,TN,37450
49,46803 Mccormick Drive,San Jose,CA,95113
50,049 Eliot Parkway,El Paso,TX,88514
51,16984 Scofield Road,Shawnee Mission,KS,66220
52,6 Nelson Center,Spring Hill,FL,34611
53,858 Hovde Plaza,Tempe,AZ,85284
54,26 Elka Place,Birmingham,AL,35254
55,178 Bay Alley,Phoenix,AZ,85010
56,5134 Bluejay Pass,Orlando,FL,32891
57,8 Summer Ridge Center,Washington,DC,20414
58,44789 Waywood Parkway,Amarillo,TX,79159
59,61891 Bonner Avenue,Sioux Falls,SD,57188
60,02644 Old Gate Hill,Charlottesville,VA,22903
61,5989 7th Alley,New York City,NY,10150
62,67 Charing Cross Alley,Dayton,OH,45490
63,7624 Prentice Drive,Lancaster,CA,93584
64,6578 Hauk Terrace,El Paso,TX,88519
65,1 Westridge Circle,Kent,WA,98042
66,484 Stang Circle,Asheville,NC,28805
67,4059 Prairie Rose Drive,Las Vegas,NV,89125
68,246 Fallview Terrace,Anchorage,AK,99599
69,816 Granby Avenue,Jacksonville,FL,32255
70,549 Springs Road,Canton,OH,44710
71,6 Mallard Hill,Santa Fe,NM,87592
72,85 Sunbrook Center,Oxnard,CA,93034
73,38952 Shasta Road,Plano,TX,75074
74,26208 Monument Center,New Orleans,LA,70187
75,6 Tony Way,Eugene,OR,97405
76,7 Westridge Junction,Arvada,CO,80005
77,1022 Dovetail Junction,Portland,OR,97296
78,83 Butternut Place,Huntington,WV,25770
79,661 Esker Road,Cape Coral,FL,33915
80,991 Caliangt Point,San Bernardino,CA,92415
81,20 Fuller Place,Long Beach,CA,90810
82,21138 Fairview Park,Johnson City,TN,37605
83,15 Lakewood Gardens Hill,Santa Clara,CA,95054
84,6 Kim Circle,Muskegon,MI,49444
85,0433 Randy Crossing,Atlanta,GA,30316
86,35 Claremont Circle,Corpus Christi,TX,78405
87,3 Comanche Place,Provo,UT,84605
88,85561 Amoth Street,Dallas,TX,75277
89,9538 Grayhawk Junction,Meridian,MS,39305
90,0 Pleasure Trail,Abilene,TX,79699
91,61709 Express Center,Elizabeth,NJ,07208
92,8621 Eagan Terrace,Paterson,NJ,07544
93,7133 Loftsgordon Terrace,Harrisburg,PA,17126
94,789 Hayes Center,Carol Stream,IL,60158
95,388 Maple Wood Avenue,Louisville,KY,40215
96,49 Birchwood Place,San Antonio,TX,78245
97,646 Cordelia Trail,San Diego,CA,92176
98,494 Algoma Hill,Laredo,TX,78044
99,3 Little Fleur Way,Battle Creek,MI,49018
100,89 Novick Street,Hartford,CT,06120
101,2325 Lerdahl Crossing,Scranton,PA,18514
102,50 Pepper Wood Plaza,Richmond,VA,23220
103,69082 Esker Way,Staten Island,NY,10305
104,8695 Knutson Point,Greensboro,NC,27415
105,736 7th Center,Baton Rouge,LA,70836
106,32708 Luster Pass,Tacoma,WA,98447
107,050 Fremont Court,Toledo,OH,43615
108,3 Ronald Regan Place,Phoenix,AZ,85035
109,60057 Novick Place,Gainesville,FL,32610
110,0715 Lake View Road,Charlotte,NC,28247
111,4160 Straubel Way,Buffalo,NY,14215
112,360 Hudson Parkway,Dallas,TX,75216
113,7 Dawn Trail,Sacramento,CA,95813
114,29094 Elmside Pass,Peoria,IL,61640
115,72991 Bellgrove Street,Sacramento,CA,95838
116,88351 Cody Avenue,Tampa,FL,33610
117,9746 7th Avenue,Cleveland,OH,44118
118,66826 Laurel Park,Rockville,MD,20851
119,139 Quincy Plaza,Annapolis,MD,21405
120,800 New Castle Parkway,Troy,MI,48098
121,9 Darwin Junction,Billings,MT,59105
122,21 Tennyson Avenue,Los Angeles,CA,90094
123,38 Eagan Lane,Fort Worth,TX,76178
124,9264 Paget Lane,Phoenix,AZ,85030
125,4 Sutherland Alley,Minneapolis,MN,55407
126,9445 John Wall Lane,Panama City,FL,32405
127,3 Kenwood Trail,Lancaster,PA,17605
128,9 Prairie Rose Parkway,Washington,DC,20535
129,1202 Little Fleur Circle,Erie,PA,16550
130,3134 Cherokee Trail,Louisville,KY,40210
131,82 Katie Terrace,Las Vegas,NV,89105
132,0 Cody Center,Raleigh,NC,27621
133,0 Sherman Place,Saint Paul,MN,55166
134,27448 Montana Parkway,Knoxville,TN,37995
135,32528 Melvin Court,Waco,TX,76796
136,154 Hanover Avenue,San Antonio,TX,78285
137,976 Little Fleur Plaza,Fort Lauderdale,FL,33310
138,059 Eastlawn Terrace,Montgomery,AL,36177
139,6019 Starling Trail,Naples,FL,33963
140,22295 Roth Avenue,Atlanta,GA,30386
141,58432 Lake View Alley,Spring Hill,FL,34611
142,530 Del Sol Lane,Rochester,NY,14646
143,159 Messerschmidt Place,Phoenix,AZ,85077
144,84055 Forest Parkway,Miami,FL,33233
145,45 Spenser Crossing,Orlando,FL,32835
146,58 5th Pass,Davenport,IA,52809
147,79 Onsgard Circle,Lincoln,NE,68510
148,93312 Knutson Avenue,Aiken,SC,29805
149,889 Maywood Way,Denver,CO,80291
150,099 Talisman Park,Wilmington,DE,19892
151,6 Scofield Alley,Honolulu,HI,96810
152,6487 Ronald Regan Center,Boca Raton,FL,33432
153,043 Bartillon Park,Wichita,KS,67220
154,73 Merry Way,Honolulu,HI,96815
155,52690 7th Drive,Oxnard,CA,93034
156,33 Milwaukee Center,Naples,FL,34108
157,71 Heffernan Way,Scottsdale,AZ,85260
158,17 Hayes Center,Simi Valley,CA,93094
159,14516 Lakeland Road,Portsmouth,NH,03804
160,96258 Jana Point,Fort Lauderdale,FL,33336
161,877 Saint Paul Avenue,Athens,GA,30610
162,434 Hollow Ridge Street,Washington,DC,20557
163,23814 Shopko Place,Saint Louis,MO,63116
164,29106 Darwin Circle,San Diego,CA,92196
165,810 Corscot Court,Pinellas Park,FL,34665
166,785 Brentwood Place,Paterson,NJ,07544
167,936 Sycamore Trail,Tyler,TX,75705
168,14 Browning Plaza,Des Moines,IA,50320
169,793 Dakota Crossing,Saint Louis,MO,63196
170,6 Anthes Point,Seattle,WA,98121
171,3595 Messerschmidt Point,Louisville,KY,40256
172,48145 Mockingbird Way,Irvine,CA,92619
173,1 Thompson Alley,Gainesville,FL,32605
174,6 Glendale Pass,Amarillo,TX,79105
175,80 Dawn Hill,Toledo,OH,43615
176,2053 Nobel Park,Denver,CO,80249
177,94 Daystar Pass,Virginia Beach,VA,23459
178,81238 Fairview Park,Seattle,WA,98133
179,06 Cottonwood Park,Pasadena,CA,91131
180,22 Pearson Way,New York City,NY,10105
181,35 Moose Lane,Boca Raton,FL,33432
182,2 Surrey Road,Los Angeles,CA,90045
183,7 Veith Junction,Birmingham,AL,35285
184,57 La Follette Pass,Little Rock,AR,72209
185,16638 Continental Crossing,Woburn,MA,01813
186,98 Stang Drive,Cincinnati,OH,45233
187,330 Moose Avenue,Chicago,IL,60630
188,7 John Wall Pass,Rochester,NY,14683
189,72 Lillian Drive,Houston,TX,77005
190,2542 Farragut Center,Birmingham,AL,35242
191,331 Shelley Avenue,Port Charlotte,FL,33954
192,25 Bayside Alley,Cincinnati,OH,45999
193,5 Mosinee Crossing,Dallas,TX,75221
194,04 Cascade Plaza,Minneapolis,MN,55417
195,327 Fairfield Lane,Cincinnati,OH,45249
196,69 Northridge Lane,Cedar Rapids,IA,52405
197,5757 Pleasure Park,Waterbury,CT,06721
198,69142 Kingsford Park,Akron,OH,44393
199,87 Judy Center,Lexington,KY,40581
200,2 Dexter Junction,Ashburn,VA,22093
201,71 Hoard Junction,Levittown,PA,19058
202,524 Trailsway Trail,Spokane,WA,99252
203,69 Moose Lane,Monticello,MN,55590
204,5 Meadow Ridge Street,Anderson,SC,29625
205,57014 Monument Road,Washington,DC,20205
206,2361 Hauk Center,Cincinnati,OH,45228
207,77859 Esker Pass,Lima,OH,45807
208,732 Nobel Pass,Lakeland,FL,33805
209,56 Village Avenue,Augusta,GA,30911
210,32326 Autumn Leaf Crossing,Roanoke,VA,24009
211,8561 Weeping Birch Drive,Topeka,KS,66642
212,98896 Golf View Trail,Houston,TX,77090
213,26636 Columbus Hill,Shreveport,LA,71130
214,3 Mallard Lane,Stamford,CT,06922
215,101 Straubel Way,Minneapolis,MN,55470
216,40434 Talisman Road,Sterling,VA,20167
217,936 Welch Court,Los Angeles,CA,90060
218,6169 Hintze Pass,Florence,SC,29505
219,8 Straubel Pass,San Jose,CA,95133
220,63395 Larry Lane,Reston,VA,20195
221,05 Northview Terrace,Memphis,TN,38136
222,1 Hansons Circle,Madison,WI,53705
223,9541 Morningstar Junction,Burbank,CA,91520
224,74964 Onsgard Pass,Fairbanks,AK,99709
225,8211 Grover Parkway,Corpus Christi,TX,78415
226,3 Nova Point,New York City,NY,10184
227,707 Bluestem Crossing,Vero Beach,FL,32969
228,39 Dakota Road,New York City,NY,10184
229,93 Cambridge Center,Cincinnati,OH,45203
230,2 Chive Parkway,Detroit,MI,48206
231,735 Grover Plaza,Hyattsville,MD,20784
232,6476 Comanche Street,Los Angeles,CA,90030
233,81079 Lukken Parkway,Bradenton,FL,34282
234,2 Hansons Junction,Anaheim,CA,92812
235,9 Dawn Junction,Greensboro,NC,27455
236,649 Sachtjen Crossing,Buffalo,NY,14215
237,0 Fisk Drive,Washington,DC,20530
238,21 Brickson Park Terrace,Miami,FL,33233
239,1 Mcguire Drive,Fort Myers,FL,33906
240,7975 Delaware Plaza,Boise,ID,83732
241,14 Annamark Hill,Wilmington,DE,19810
242,06087 Hauk Hill,Norfolk,VA,23520
243,59 Center Place,Petaluma,CA,94975
244,40 Upham Lane,Boston,MA,02163
245,0614 Browning Point,Richmond,VA,23293
246,42617 Ryan Road,New York City,NY,10131
247,4 Veith Road,Fort Lauderdale,FL,33315
248,08 Memorial Street,Los Angeles,CA,90050
249,777 Texas Center,San Diego,CA,92191
250,6746 Charing Cross Lane,Marietta,GA,30066
251,824 Hovde Point,Chattanooga,TN,37410
252,649 Hintze Drive,Erie,PA,16550
253,623 Mifflin Pass,Carol Stream,IL,60158
254,30190 Schiller Circle,Lakewood,WA,98498
255,847 Towne Plaza,Huntington,WV,25726
256,7663 Lerdahl Drive,Phoenix,AZ,85045
257,3399 Vernon Avenue,Bethesda,MD,20816
258,080 Spenser Pass,Henderson,NV,89012
259,41952 Dexter Circle,Moreno Valley,CA,92555
260,65 Crest Line Way,Albuquerque,NM,87201
261,4 International Center,Glendale,AZ,85305
262,731 Village Green Park,San Francisco,CA,94177
263,6152 Bunting Street,Cincinnati,OH,45249
264,0442 Meadow Valley Pass,Oklahoma City,OK,73142
265,0350 South Park,Charlotte,NC,28220
266,66613 Ridge Oak Road,Los Angeles,CA,90050
267,73 Golden Leaf Pass,Washington,DC,20456
268,3450 Hoard Parkway,Fort Worth,TX,76115
269,405 Springview Circle,Tucson,AZ,85754
270,0765 Grasskamp Point,Ogden,UT,84409
271,25 Lakewood Gardens Park,Memphis,TN,38168
272,34 Division Alley,Buffalo,NY,14205
273,926 Dottie Crossing,Honolulu,HI,96805
274,877 Express Crossing,Des Moines,IA,50330
275,6820 Mandrake Avenue,Atlanta,GA,30306
276,31629 Sommers Avenue,Saint Louis,MO,63104
277,7 Union Drive,Las Vegas,NV,89155
278,50342 Quincy Lane,Herndon,VA,22070
279,99859 Elmside Hill,Stockton,CA,95210
280,970 Schurz Lane,Grand Junction,CO,81505
281,1 Stoughton Junction,Greensboro,NC,27455
282,3 Scott Place,Fort Worth,TX,76147
283,00 Red Cloud Drive,Honolulu,HI,96810
284,1099 Blackbird Lane,West Palm Beach,FL,33411
285,9 Pierstorff Hill,Providence,RI,02912
286,8 Dahle Park,Sacramento,CA,94273
287,25117 Anderson Place,Erie,PA,16505
288,86447 Del Sol Crossing,Birmingham,AL,35231
289,9161 Del Sol Alley,Tampa,FL,33625
290,1 Sage Place,Akron,OH,44321
291,3 Rusk Crossing,Richmond,CA,94807
292,16411 Sunbrook Street,Jacksonville,FL,32244
293,771 Rowland Center,Chicago,IL,60604
294,4096 Bultman Road,Columbus,OH,43240
295,326 Manley Terrace,Houston,TX,77040
296,762 Monica Junction,Hartford,CT,06145
297,82535 Nobel Plaza,Saint Petersburg,FL,33737
298,673 Southridge Parkway,Austin,TX,78715
299,1 Oak Pass,Hamilton,OH,45020
300,56936 Lyons Point,New Orleans,LA,70187
301,412 Beilfuss Junction,Van Nuys,CA,91406
302,5975 Hauk Terrace,Asheville,NC,28805
303,9834 Vermont Center,Knoxville,TN,37995
304,08 Walton Pass,Tucson,AZ,85743
305,7 Warrior Lane,Montgomery,AL,36109
306,03 Toban Court,Pittsburgh,PA,15266
307,6698 Corry Circle,San Jose,CA,95133
308,67581 David Alley,Portsmouth,NH,00214
309,8812 Randy Alley,Atlanta,GA,30375
310,35872 Sachtjen Avenue,San Rafael,CA,94913
311,7 Northridge Hill,Fullerton,CA,92835
312,665 Carpenter Point,Sandy,UT,84093
313,25 Red Cloud Place,Austin,TX,78769
314,4 Lerdahl Avenue,Fort Pierce,FL,34981
315,14371 Main Plaza,Wilmington,NC,28405
316,55666 Sommers Alley,Bryan,TX,77806
317,597 Muir Avenue,Knoxville,TN,37995
318,78 Northland Lane,San Diego,CA,92115
319,78401 Arkansas Street,Anchorage,AK,99512
320,3579 1st Terrace,Norfolk,VA,23504
321,18 Hanson Way,North Little Rock,AR,72118
322,44 Calypso Terrace,Albany,NY,12255
323,4 Claremont Avenue,Houston,TX,77070
324,78 Montana Way,Washington,DC,20226
325,52 Cambridge Center,Saint Louis,MO,63143
326,40599 Chinook Point,Charleston,SC,29424
327,20 Bellgrove Park,Ocala,FL,34479
328,79189 Ramsey Center,Anaheim,CA,92805
329,96019 Cherokee Center,Bronx,NY,10459
330,70745 Twin Pines Center,Orlando,FL,32803
331,00723 Oriole Road,Washington,DC,20591
332,56 Kings Center,Albuquerque,NM,87105
333,907 Almo Lane,Wilmington,DE,19805
334,2 Rutledge Junction,Columbia,SC,29220
335,43 Hanover Road,Saint Cloud,MN,56398
336,32912 Summerview Park,Houston,TX,77045
337,3434 Dwight Trail,San Antonio,TX,78291
338,53 Bellgrove Way,Tucson,AZ,85705
339,82704 Farmco Park,Moreno Valley,CA,92555
340,12716 American Court,Gastonia,NC,28055
341,0059 Sutteridge Drive,Louisville,KY,40220
342,0931 Bay Hill,Greensboro,NC,27455
343,8 Northfield Junction,Richmond,VA,23203
344,67920 Barby Lane,Schenectady,NY,12305
345,34 Cardinal Place,Hattiesburg,MS,39404
346,30 Brown Hill,Raleigh,NC,27626
347,787 Alpine Hill,Richmond,VA,23213
348,847 Buhler Street,Las Vegas,NV,89193
349,6352 Memorial Trail,Baltimore,MD,21290
350,568 Havey Crossing,Cincinnati,OH,45264
351,81 Barby Street,Saint Louis,MO,63126
352,90124 6th Road,Little Rock,AR,72204
353,58243 Caliangt Crossing,Lafayette,IN,47905
354,859 Hollow Ridge Way,Chicago,IL,60630
355,594 Gale Park,Columbia,MO,65218
356,13327 Vahlen Terrace,Seattle,WA,98166
357,76867 Montana Street,Phoenix,AZ,85099
358,99 Towne Pass,New York City,NY,10115
359,73 Emmet Hill,Fort Worth,TX,76147
360,43115 Londonderry Terrace,Santa Clara,CA,95054
361,43275 Thompson Place,Chicago,IL,60697
362,797 Oriole Avenue,Everett,WA,98206
363,34827 Pearson Place,Ashburn,VA,22093
364,04 Warner Trail,Boulder,CO,80328
365,481 Continental Circle,Tulsa,OK,74126
366,18 Moose Road,Chicago,IL,60630
367,33 Laurel Terrace,Tyler,TX,75710
368,2 Miller Street,Bozeman,MT,59771
369,32 Melvin Pass,Jacksonville,FL,32259
370,1706 Messerschmidt Alley,Memphis,TN,38126
371,54508 Crowley Road,Sioux Falls,SD,57110
372,9697 Hooker Park,Shreveport,LA,71161
373,38878 Summerview Point,Littleton,CO,80126
374,3 Roxbury Court,Port Saint Lucie,FL,34985
375,5033 Clarendon Hill,Mesquite,TX,75185
376,01417 Columbus Center,Cleveland,OH,44185
377,98314 Lien Lane,Omaha,NE,68164
378,17781 Butterfield Terrace,Rochester,NY,14639
379,39 Sundown Street,Mobile,AL,36689
380,00079 Talisman Pass,Concord,CA,94522
381,988 Mitchell Terrace,Brooklyn,NY,11254
382,31 Manufacturers Drive,Baton Rouge,LA,70810
383,535 Grayhawk Street,Akron,OH,44329
384,90 Drewry Crossing,Roanoke,VA,24034
385,8728 7th Point,Dayton,OH,45454
386,8 Pawling Lane,Shreveport,LA,71105
387,173 Mockingbird Trail,Topeka,KS,66611
388,329 Dayton Road,Worcester,MA,01654
389,65437 Comanche Alley,Brooklyn,NY,11215
390,12481 Briar Crest Parkway,El Paso,TX,79989
391,567 Towne Plaza,Syracuse,NY,13224
392,69472 Mayer Drive,Miami,FL,33261
393,014 Melby Avenue,Jackson,MS,39216
394,24 Rockefeller Park,Lansing,MI,48912
395,8747 Elmside Point,Saint Louis,MO,63167
396,855 Loomis Park,Largo,FL,33777
397,7208 Del Sol Junction,Houston,TX,77010
398,5 Clarendon Way,Austin,TX,78737
399,5208 Prentice Crossing,Philadelphia,PA,19141
400,1032 Eggendart Point,Los Angeles,CA,90076
401,800 Hudson Park,Newark,DE,19725
402,6 Dennis Road,Milwaukee,WI,53285
403,5926 Boyd Point,West Palm Beach,FL,33405
404,61 Ilene Circle,Lynchburg,VA,24503
405,6 Morningstar Way,Yakima,WA,98907
406,83902 Westend Avenue,Washington,DC,20557
407,7 Golden Leaf Parkway,Rochester,NY,14646
408,9 Pine View Plaza,New Brunswick,NJ,08922
409,790 Prairie Rose Crossing,Lake Charles,LA,70616
410,025 Goodland Avenue,Seattle,WA,98148
411,85 Red Cloud Junction,Washington,DC,20566
412,4385 Buena Vista Crossing,Washington,DC,20057
413,9925 Hallows Crossing,Cape Coral,FL,33915
414,64 Oak Lane,Lansing,MI,48956
415,4 Prentice Center,Young America,MN,55551
416,19691 Knutson Trail,Richmond,VA,23260
417,1 Utah Circle,Berkeley,CA,94712
418,71194 Muir Center,Jamaica,NY,11436
419,9 Riverside Circle,Hollywood,FL,33028
420,33 Pankratz Way,Omaha,NE,68117
421,0 Sommers Junction,Sacramento,CA,95823
422,96649 Eggendart Hill,Sacramento,CA,94230
423,6604 Sachtjen Road,Van Nuys,CA,91411
424,829 Alpine Alley,Honolulu,HI,96825
425,04312 Towne Point,Colorado Springs,CO,80905
426,651 Becker Point,Knoxville,TN,37919
427,3395 Stuart Pass,Arvada,CO,80005
428,69 Crowley Pass,Worcester,MA,01654
429,29 Susan Way,Cincinnati,OH,45208
430,61 Ridgeview Alley,Cleveland,OH,44130
431,28615 Fremont Terrace,El Paso,TX,79994
432,360 Old Shore Lane,New York City,NY,10131
433,66891 Elgar Pass,Orlando,FL,32825
434,1 Garrison Trail,Long Beach,CA,90847
435,86 Pepper Wood Avenue,Des Moines,IA,50981
436,5 Clyde Gallagher Drive,Fort Lauderdale,FL,33305
437,344 Fordem Place,Waterloo,IA,50706
438,4133 Bayside Junction,Flint,MI,48550
439,4755 Upham Hill,San Antonio,TX,78278
440,4379 Eggendart Point,Cleveland,OH,44118
441,211 Tomscot Crossing,Springfield,IL,62794
442,75851 Dwight Center,Gary,IN,46406
443,0397 Colorado Crossing,Louisville,KY,40250
444,81 7th Alley,Torrance,CA,90510
445,12084 Columbus Alley,Rochester,NY,14639
446,55966 Mosinee Junction,Louisville,KY,40287
447,24945 Erie Court,Newton,MA,02162
448,695 Dwight Avenue,Alexandria,VA,22333
449,18840 Pepper Wood Crossing,Bloomington,IN,47405
450,8615 Mockingbird Place,New York City,NY,10029
451,291 8th Pass,Oklahoma City,OK,73147
452,59204 Straubel Alley,Kansas City,MO,64109
453,66021 Randy Point,Fort Lauderdale,FL,33355
454,62979 Manley Terrace,Beaumont,TX,77705
455,8905 Forest Dale Junction,Sarasota,FL,34233
456,184 Grayhawk Center,Detroit,MI,48242
457,0437 Towne Center,Chicago,IL,60691
458,46091 Crowley Lane,Hialeah,FL,33013
459,19 Fieldstone Park,Oklahoma City,OK,73152
460,64570 Caliangt Park,Harrisburg,PA,17121
461,2 Oak Lane,Delray Beach,FL,33448
462,402 Shoshone Crossing,Las Vegas,NV,89105
463,71982 Grover Hill,Fort Worth,TX,76110
464,2 Northridge Pass,Topeka,KS,66606
465,93 Donald Pass,Philadelphia,PA,19146
466,657 Maple Wood Junction,Bronx,NY,10469
467,73 Comanche Street,Boise,ID,83732
468,930 Calypso Center,Springfield,IL,62711
469,34863 Old Shore Lane,Des Moines,IA,50305
470,880 Jana Road,Lexington,KY,40581
471,98 Manufacturers Trail,Sacramento,CA,94245
472,74443 Hanover Center,San Antonio,TX,78265
473,8 Jay Circle,San Diego,CA,92110
474,75 Scott Avenue,Kansas City,MO,64125
475,5 Bonner Park,Newark,NJ,07195
476,2397 Hooker Avenue,Rockville,MD,20851
477,271 Main Junction,El Paso,TX,88584
478,2 Cascade Street,Fort Worth,TX,76105
479,1 Lakewood Center,Inglewood,CA,90398
480,5 Weeping Birch Parkway,Philadelphia,PA,19131
481,53 Thompson Parkway,Lincoln,NE,68531
482,8193 Leroy Pass,Chesapeake,VA,23324
483,3588 Waxwing Place,Honolulu,HI,96820
484,8 Butternut Road,Washington,DC,20205
485,976 Bonner Crossing,Decatur,IL,62525
486,943 Dwight Crossing,Van Nuys,CA,91406
487,55 Knutson Junction,Oklahoma City,OK,73104
488,1 Memorial Circle,Shreveport,LA,71130
489,48383 Thackeray Center,San Diego,CA,92196
490,41341 Summer Ridge Place,Amarillo,TX,79176
491,87 Erie Avenue,Fredericksburg,VA,22405
492,60929 Ramsey Center,Woburn,MA,01813
493,74105 Buena Vista Way,Marietta,GA,30061
494,92229 Kinsman Circle,Nashville,TN,37250
495,7 8th Terrace,Spartanburg,SC,29319
496,22531 Arapahoe Center,Springfield,MA,01129
497,8566 Sage Hill,Newark,NJ,07104
498,5 American Pass,Rockford,IL,61110
499,068 Autumn Leaf Park,Lubbock,TX,79415
500,3783 Veith Crossing,Saint Petersburg,FL,33705
501,57570 Logan Crossing,San Antonio,TX,78225
502,9 7th Park,Springfield,IL,62705
503,76501 Evergreen Alley,Pueblo,CO,81005
504,4 Corry Pass,Lexington,KY,40586
505,61258 Mifflin Circle,Albany,NY,12237
506,3 Mcguire Junction,Philadelphia,PA,19125
507,72 Birchwood Circle,Louisville,KY,40280
508,4 5th Center,White Plains,NY,10606
509,7 Cherokee Plaza,Trenton,NJ,08603
510,73558 Artisan Junction,Kent,WA,98042
511,5978 Debra Junction,Columbia,MO,65211
512,8 Carey Parkway,Jamaica,NY,11447
513,546 Linden Drive,Utica,NY,13505
514,4058 Dayton Junction,Philadelphia,PA,19093
515,3025 Maple Alley,Tampa,FL,33620
516,82 Anhalt Hill,Boynton Beach,FL,33436
517,0 Quincy Plaza,Honolulu,HI,96825
518,82 Miller Street,Memphis,TN,38126
519,4801 Texas Pass,Kalamazoo,MI,49048
520,23871 Memorial Drive,Minneapolis,MN,55423
521,39 Texas Terrace,Migrate,KY,41905
522,66874 Summerview Road,Washington,DC,20392
523,9324 Pankratz Hill,Southfield,MI,48076
524,8475 Amoth Way,Vero Beach,FL,32964
525,55271 Towne Point,Orlando,FL,32803
526,667 Tennessee Drive,Nashville,TN,37215
527,9 Sunfield Terrace,Houston,TX,77266
528,46305 Sage Junction,Wichita,KS,67230
529,486 Gerald Hill,Mesquite,TX,75185
530,6 Goodland Way,Fort Worth,TX,76162
531,3797 Esch Park,Fort Worth,TX,76110
532,14 Melvin Alley,New York City,NY,10131
533,69 Graceland Drive,Minneapolis,MN,55470
534,0624 Sunfield Pass,El Paso,TX,88558
535,582 Towne Park,North Hollywood,CA,91616
536,1868 Ilene Point,Brea,CA,92822
537,63 Dovetail Pass,Mesa,AZ,85205
538,233 Thackeray Crossing,Saint Paul,MN,55114
539,6681 Hooker Pass,Akron,OH,44315
540,7 4th Junction,Evansville,IN,47719
541,41 Stone Corner Street,Warren,MI,48092
542,8 Messerschmidt Junction,Largo,FL,33777
543,9 Moose Place,Tyler,TX,75710
544,1273 Chive Center,Mesa,AZ,85210
545,9794 Lakeland Court,Chicago,IL,60691
546,20267 Macpherson Circle,Washington,DC,20244
547,5 Charing Cross Street,Panama City,FL,32405
548,674 Loeprich Drive,Milwaukee,WI,53285
549,68997 Portage Terrace,San Diego,CA,92196
550,641 Clemons Avenue,Colorado Springs,CO,80910
551,3726 Tony Hill,Shreveport,LA,71105
552,6034 Eggendart Parkway,Washington,DC,56944
553,89 Algoma Way,Lincoln,NE,68517
554,60550 Kim Lane,San Francisco,CA,94105
555,4 Prentice Road,Houston,TX,77005
556,538 Thackeray Court,Dallas,TX,75265
557,5809 Fairview Junction,Dallas,TX,75323
558,4720 Holmberg Parkway,Longview,TX,75605
559,72 Moulton Alley,Bakersfield,CA,93386
560,65 Washington Terrace,Houston,TX,77228
561,42 Sundown Park,Hayward,CA,94544
562,09805 Dottie Pass,Asheville,NC,28815
563,5 Sauthoff Junction,El Paso,TX,88558
564,921 Elmside Court,Louisville,KY,40266
565,0005 8th Court,Kansas City,MO,64187
566,23916 Bobwhite Court,Champaign,IL,61825
567,1671 Forest Run Crossing,Concord,CA,94522
568,6169 Dunning Hill,Memphis,TN,38119
569,1 Green Street,Helena,MT,59623
570,6477 Dixon Center,Topeka,KS,66642
571,54681 Kropf Way,Phoenix,AZ,85015
572,7 Toban Alley,Louisville,KY,40287
573,1577 Packers Place,Arvada,CO,80005
574,6 Meadow Valley Place,Boise,ID,83732
575,96702 Westerfield Crossing,San Antonio,TX,78235
576,8224 Granby Drive,Topeka,KS,66642
577,1556 Sage Hill,Phoenix,AZ,85025
578,0 Browning Place,Washington,DC,20414
579,6 Jenna Pass,Lynn,MA,01905
580,75 Doe Crossing Point,Tucson,AZ,85725
581,5398 Lunder Center,San Francisco,CA,94159
582,57 Dakota Street,Rochester,NY,14604
583,1106 8th Circle,Hartford,CT,06183
584,94 Miller Place,Las Vegas,NV,89115
585,1062 Acker Court,Washington,DC,20046
586,9553 Sloan Avenue,Columbia,SC,29240
587,55 Moland Way,Carol Stream,IL,60158
588,0 Northfield Road,Miami,FL,33261
589,0 Donald Trail,Savannah,GA,31405
590,5 Lillian Park,Sioux City,IA,51105
591,14 Memorial Alley,Shawnee Mission,KS,66276
592,1619 Grim Parkway,Richmond,VA,23260
593,5321 Morningstar Terrace,Jacksonville,FL,32215
594,12954 Merchant Road,Buffalo,NY,14210
595,141 Claremont Street,Boston,MA,02163
596,7 Mitchell Junction,Sacramento,CA,94237
597,44 Glendale Plaza,Long Beach,CA,90810
598,525 Stoughton Crossing,Winston Salem,NC,27157
599,2 Manitowish Place,San Jose,CA,95118
600,3301 Manitowish Hill,Little Rock,AR,72204
601,06 Grayhawk Hill,Cincinnati,OH,45203
602,34 Ridgeview Street,Erie,PA,16534
603,543 Hagan Street,Colorado Springs,CO,80915
604,62 Michigan Court,Corona,CA,92878
605,759 Darwin Crossing,Monroe,LA,71208
606,49 Manufacturers Parkway,Arlington,VA,22225
607,6820 Sugar Trail,Albany,GA,31704
608,07541 Oak Center,Seattle,WA,98185
609,54596 Hauk Place,Jamaica,NY,11431
610,59 Almo Crossing,Tulsa,OK,74156
611,80 Merry Park,Las Vegas,NV,89130
612,9 Orin Point,Sacramento,CA,94207
613,91721 Esker Crossing,New York City,NY,10019
614,366 Melrose Lane,Little Rock,AR,72222
615,38322 Oxford Crossing,Garden Grove,CA,92844
616,95 Grim Lane,El Paso,TX,79989
617,363 Jay Pass,Montgomery,AL,36119
618,66 Becker Pass,Omaha,NE,68105
619,166 Hazelcrest Avenue,Alhambra,CA,91841
620,9 Commercial Street,Elmira,NY,14905
621,231 Ohio Lane,Seattle,WA,98166
622,320 Blackbird Trail,Arlington,VA,22217
623,1871 Sunbrook Center,Newark,DE,19714
624,49 Claremont Avenue,Tucson,AZ,85754
625,0 Everett Trail,Orange,CA,92867
626,20 John Wall Park,Springfield,MO,65810
627,26980 Dorton Street,Tacoma,WA,98442
628,63 Goodland Street,San Diego,CA,92196
629,5916 Trailsway Junction,Houston,TX,77055
630,21887 Eastlawn Parkway,Newport News,VA,23605
631,44 Bashford Plaza,Richmond,VA,23203
632,3885 Schurz Terrace,College Station,TX,77844
633,37348 Dorton Court,Houston,TX,77250
634,455 Maple Wood Lane,Atlanta,GA,31106
635,801 Melody Lane,Sacramento,CA,94291
636,13 Corscot Center,Trenton,NJ,08638
637,29 Anzinger Street,Riverside,CA,92505
638,67 Mariners Cove Drive,Monticello,MN,55585
639,40448 Truax Road,Charlotte,NC,28247
640,6357 Center Alley,Springfield,MO,65898
641,6980 Eagle Crest Terrace,Lexington,KY,40515
642,5 Steensland Way,Boston,MA,02298
643,250 Heath Alley,Phoenix,AZ,85010
644,0 Corben Junction,Nashville,TN,37210
645,05500 Carpenter Lane,Charlotte,NC,28299
646,654 Havey Way,Newport Beach,CA,92662
647,7487 Scofield Drive,Austin,TX,78789
648,844 Brown Way,Tulsa,OK,74126
649,21 Dryden Drive,Amarillo,TX,79182
650,35 Holy Cross Parkway,Cleveland,OH,44105
651,5380 Fallview Plaza,Evansville,IN,47719
652,93126 Morrow Terrace,Zephyrhills,FL,33543
653,68 Harper Hill,Bowie,MD,20719
654,0100 Arkansas Drive,Cincinnati,OH,45271
655,1 Manufacturers Place,Phoenix,AZ,85062
656,7 Arrowood Pass,Dulles,VA,20189
657,5 Washington Point,Sarasota,FL,34238
658,5176 Lakewood Gardens Crossing,Richmond,VA,23260
659,24914 Di Loreto Avenue,Phoenix,AZ,85083
660,68 Glacier Hill Junction,Decatur,IL,62525
661,75505 Jana Lane,Lubbock,TX,79491
662,84 Old Gate Street,Largo,FL,33777
663,969 Fremont Parkway,Fayetteville,NC,28314
664,0 Westridge Place,Houston,TX,77266
665,98473 Bunker Hill Circle,Milwaukee,WI,53234
666,261 Moose Junction,Columbus,GA,31914
667,843 Twin Pines Pass,Huntington,WV,25709
668,38 High Crossing Road,Cincinnati,OH,45218
669,518 Bluestem Place,Shawnee Mission,KS,66286
670,32 Independence Trail,Reno,NV,89510
671,938 Elgar Junction,Jacksonville,FL,32244
672,034 South Avenue,Denver,CO,80204
673,55 Marquette Circle,Amarillo,TX,79171
674,9 Scoville Circle,Saint Paul,MN,55115
675,594 Bowman Alley,Dayton,OH,45426
676,02 Ruskin Plaza,Glendale,AZ,85311
677,429 Carioca Junction,Bradenton,FL,34282
678,75340 Rockefeller Circle,Houston,TX,77255
679,0 Vidon Place,Washington,DC,20016
680,5 Laurel Center,Schenectady,NY,12305
681,34414 Corry Court,Tulsa,OK,74141
682,28228 Burrows Place,Lynn,MA,01905
683,9704 Cambridge Crossing,Mobile,AL,36641
684,782 Bartelt Lane,Hot Springs National Park,AR,71914
685,3 Barby Drive,Largo,FL,33777
686,135 Harper Point,Corpus Christi,TX,78475
687,289 Charing Cross Place,Van Nuys,CA,91499
688,3282 Butternut Avenue,Jackson,MS,39216
689,5 Holy Cross Lane,Ogden,UT,84403
690,2 5th Parkway,San Diego,CA,92132
691,13 6th Circle,Norfolk,VA,23504
692,63001 Luster Hill,Los Angeles,CA,90030
693,56465 Mcguire Street,Indianapolis,IN,46226
694,82 Stephen Plaza,Erie,PA,16534
695,7 Sommers Alley,Phoenix,AZ,85072
696,81348 Fair Oaks Center,Lakeland,FL,33811
697,033 Waubesa Place,Pompano Beach,FL,33069
698,9 Cottonwood Pass,San Bernardino,CA,92424
699,8 Prairie Rose Junction,New York City,NY,10131
700,76 Ryan Park,Yonkers,NY,10705
701,1227 Village Green Road,Madison,WI,53726
702,532 Main Crossing,Philadelphia,PA,19136
703,32 Novick Place,Lubbock,TX,79415
704,20200 Blaine Point,Topeka,KS,66611
705,2 Sachs Junction,Philadelphia,PA,19184
706,8 Morning Court,Austin,TX,78744
707,9968 Crescent Oaks Parkway,Madison,WI,53716
708,2 Johnson Pass,Dallas,TX,75392
709,7387 Schlimgen Way,Arlington,TX,76004
710,811 Lunder Drive,New York City,NY,10029
711,57297 Melrose Crossing,San Francisco,CA,94147
712,1 Scofield Point,Newark,DE,19714
713,4904 Havey Parkway,Akron,OH,44393
714,357 Waubesa Alley,Albany,NY,12247
715,4433 Garrison Pass,Kansas City,KS,66112
716,4 Melody Park,Cleveland,OH,44191
717,64 Morrow Court,Milwaukee,WI,53263
718,04 Graceland Pass,Paterson,NJ,07505
719,2844 American Ash Junction,Bronx,NY,10459
720,5776 Rowland Road,Augusta,GA,30919
721,149 Donald Way,Manassas,VA,22111
722,58552 American Ash Junction,Chicago,IL,60686
723,2663 Manitowish Parkway,Houston,TX,77250
724,5446 Hauk Point,Newport Beach,CA,92662
725,494 Summer Ridge Pass,Milwaukee,WI,53277
726,9 Fallview Pass,Seattle,WA,98140
727,31 Eliot Plaza,Loretto,MN,55598
728,0 Commercial Road,Saint Louis,MO,63150
729,9673 Sunfield Terrace,Florence,SC,29505
730,3251 Green Ridge Lane,Springfield,IL,62756
731,83 Bashford Point,Salt Lake City,UT,84135
732,7 Monica Pass,Utica,NY,13505
733,4 Springview Way,Albany,NY,12247
734,2849 Drewry Junction,El Paso,TX,88525
735,2 Gateway Road,Fort Worth,TX,76105
736,05 Superior Avenue,Knoxville,TN,37924
737,1 Saint Paul Road,Alexandria,VA,22309
738,013 Havey Point,Houston,TX,77045
739,68551 Mitchell Alley,Fargo,ND,58122
740,29 Green Circle,Washington,DC,20078
741,5 Wayridge Avenue,Las Vegas,NV,89155
742,50 Donald Avenue,Boise,ID,83732
743,1 Banding Plaza,Huntington,WV,25721
744,739 Buhler Park,Beaufort,SC,29905
745,03937 Fairfield Court,Louisville,KY,40220
746,1 Bay Point,Winter Haven,FL,33884
747,76685 Sundown Hill,Cleveland,OH,44191
748,05932 Surrey Street,Jackson,MS,39216
749,029 Toban Park,Albuquerque,NM,87140
750,29 Dayton Avenue,Memphis,TN,38131
751,81768 Center Circle,Salt Lake City,UT,84140
752,82096 Drewry Terrace,Rochester,NY,14604
753,6 Orin Road,Kansas City,MO,64136
754,8 Orin Court,Scranton,PA,18514
755,92715 Derek Point,New York City,NY,10079
756,86 Bultman Road,Brooklyn,NY,11254
757,7104 Corben Alley,Clearwater,FL,34629
758,7 Basil Terrace,Corpus Christi,TX,78426
759,8083 Sutherland Parkway,Panama City,FL,32412
760,433 Hansons Plaza,Madison,WI,53790
761,28 Debra Trail,Denver,CO,80299
762,00 Milwaukee Terrace,Toledo,OH,43615
763,171 Mcbride Crossing,Los Angeles,CA,90076
764,30 School Way,Pittsburgh,PA,15274
765,01 Golf Course Center,Pasadena,CA,91125
766,2 Sunbrook Alley,Macon,GA,31296
767,5156 Artisan Point,Oklahoma City,OK,73197
768,2 Jay Crossing,New Haven,CT,06533
769,51123 Garrison Way,San Antonio,TX,78250
770,1285 Rieder Trail,New York City,NY,10060
771,7551 Ilene Terrace,Memphis,TN,38161
772,259 Springs Junction,Rochester,MN,55905
773,977 Buena Vista Pass,Washington,DC,20404
774,2 Melrose Pass,Oklahoma City,OK,73142
775,1 Walton Center,Inglewood,CA,90305
776,58 Farragut Place,Los Angeles,CA,90060
777,99 Service Point,El Paso,TX,79923
778,96 Melvin Circle,Gaithersburg,MD,20883
779,5687 Del Mar Avenue,Colorado Springs,CO,80935
780,469 Helena Alley,New York City,NY,10131
781,0 Sullivan Terrace,Plano,TX,75074
782,3219 Pepper Wood Plaza,Port Washington,NY,11054
783,620 Hayes Center,Tampa,FL,33605
784,211 Mosinee Hill,Topeka,KS,66611
785,6168 Cody Hill,Wilmington,NC,28410
786,3086 Oneill Center,Alpharetta,GA,30022
787,16 Warbler Pass,West Palm Beach,FL,33411
788,573 Marquette Place,Springfield,IL,62776
789,686 Bunker Hill Avenue,Chicago,IL,60652
790,80 Prairie Rose Crossing,Vancouver,WA,98682
791,609 Scott Street,Indianapolis,IN,46278
792,65138 Lukken Point,Trenton,NJ,08603
793,651 Dapin Center,Jacksonville,FL,32230
794,61912 Lakewood Lane,Toledo,OH,43635
795,01 Daystar Avenue,Fairfield,CT,06825
796,225 Sommers Alley,San Francisco,CA,94142
797,732 Hooker Plaza,Springfield,MA,01152
798,1 Dottie Place,Washington,DC,20540
799,67659 Commercial Way,Columbia,SC,29215
800,8 Lake View Street,Arlington,TX,76096
801,2865 Sycamore Court,New York City,NY,10110
802,1 Coolidge Terrace,Cleveland,OH,44191
803,376 Ramsey Pass,Birmingham,AL,35225
804,03 Granby Road,Provo,UT,84605
805,0733 Namekagon Parkway,New York City,NY,10029
806,37671 Sage Junction,Allentown,PA,18105
807,544 Comanche Circle,Fargo,ND,58122
808,4 American Ash Road,Washington,DC,20319
809,09 Caliangt Avenue,Omaha,NE,68110
810,36 Quincy Place,San Francisco,CA,94147
811,34 Sheridan Crossing,Santa Barbara,CA,93150
812,07 Burrows Drive,Des Moines,IA,50315
813,7 Ridgeway Terrace,Tulsa,OK,74184
814,500 Pawling Plaza,Augusta,GA,30919
815,322 Schmedeman Parkway,Los Angeles,CA,90101
816,55020 Novick Park,Corpus Christi,TX,78415
817,888 7th Point,Huntington,WV,25711
818,70 Toban Avenue,Naples,FL,34102
819,5086 Arapahoe Park,El Paso,TX,88569
820,6 Waywood Circle,Houston,TX,77260
821,859 Arrowood Drive,College Station,TX,77844
822,152 Pennsylvania Way,Winter Haven,FL,33884
823,3035 Commercial Avenue,Lexington,KY,40581
824,72 Larry Point,Brooklyn,NY,11254
825,36969 Lien Crossing,Lawrenceville,GA,30045
826,189 Eggendart Alley,Anderson,IN,46015
827,31524 Towne Parkway,Atlanta,GA,30380
828,1 Summerview Parkway,Oklahoma City,OK,73135
829,344 Parkside Drive,Philadelphia,PA,19120
830,842 Gina Drive,Los Angeles,CA,90094
831,38 Jenifer Pass,Memphis,TN,38119
832,88548 Vidon Circle,Evansville,IN,47732
833,62953 Messerschmidt Trail,Kansas City,MO,64101
834,27881 Mesta Point,Denver,CO,80209
835,8798 Prentice Avenue,Stockton,CA,95298
836,34204 Blackbird Trail,Miami,FL,33283
837,0 Russell Crossing,Omaha,NE,68117
838,36 Troy Place,Milwaukee,WI,53205
839,0502 7th Point,Charlotte,NC,28205
840,9425 Elka Avenue,Hartford,CT,06160
841,05 Dunning Drive,Raleigh,NC,27635
842,7779 Norway Maple Terrace,Charlotte,NC,28256
843,4 Hagan Alley,Chicago,IL,60669
844,4 Bunting Center,Orlando,FL,32808
845,48 Lindbergh Court,Texarkana,TX,75507
846,36 Northland Court,Raleigh,NC,27658
847,7 Northport Alley,Oklahoma City,OK,73157
848,3 Longview Circle,Olympia,WA,98516
849,664 Helena Avenue,Washington,DC,20299
850,072 Towne Street,Jamaica,NY,11407
851,822 Myrtle Hill,Miami,FL,33134
852,77 Jana Plaza,Washington,DC,20575
853,7 Harbort Drive,Independence,MO,64054
854,1 Clemons Road,Rochester,NY,14609
855,1418 Longview Circle,Boca Raton,FL,33432
856,5034 Forster Circle,Phoenix,AZ,85030
857,518 6th Parkway,Norfolk,VA,23520
858,1105 Banding Court,Sioux Falls,SD,57110
859,6015 Fair Oaks Street,Arvada,CO,80005
860,5256 Lukken Park,San Diego,CA,92115
861,94023 Lakeland Road,Daytona Beach,FL,32118
862,784 Debs Plaza,Richmond,VA,23289
863,30 Tony Center,Little Rock,AR,72209
864,8 Graceland Crossing,San Luis Obispo,CA,93407
865,79824 Red Cloud Crossing,Dallas,TX,75246
866,49824 Mosinee Terrace,Naples,FL,33963
867,96812 Messerschmidt Trail,Springfield,MA,01105
868,141 Acker Circle,El Paso,TX,88553
869,61187 Nevada Center,New Orleans,LA,70142
870,93333 Homewood Pass,Charlotte,NC,28284
871,8266 Sheridan Trail,Houston,TX,77090
872,03 Declaration Circle,Akron,OH,44329
873,5254 Red Cloud Circle,Madison,WI,53726
874,1597 Fuller Place,Memphis,TN,38197
875,437 Texas Park,Charlotte,NC,28242
876,03 Redwing Pass,Des Moines,IA,50393
877,9 Eastlawn Street,Anaheim,CA,92812
878,18133 Tennessee Park,Champaign,IL,61825
879,682 Northfield Street,Roanoke,VA,24009
880,322 Pankratz Place,Memphis,TN,38126
881,7408 Washington Street,San Diego,CA,92160
882,844 Northwestern Road,Tampa,FL,33615
883,1747 Westport Crossing,Richmond,VA,23293
884,07789 Laurel Way,Scottsdale,AZ,85271
885,90696 Pennsylvania Trail,Charlotte,NC,28220
886,89 Scoville Center,London,KY,40745
887,6 Dexter Center,Atlanta,GA,30336
888,1 Comanche Way,Richmond,VA,23208
889,7316 Warner Point,Tucson,AZ,85705
890,93 Packers Court,Austin,TX,78703
891,8300 Memorial Park,Los Angeles,CA,90025
892,519 West Court,Jamaica,NY,11480
893,4527 Towne Avenue,Fort Worth,TX,76121
894,2 Columbus Trail,Birmingham,AL,35210
895,90848 Dahle Point,Saint Louis,MO,63143
896,6 Luster Pass,Fayetteville,NC,28314
897,330 Arizona Plaza,Honolulu,HI,96815
898,6602 Crownhardt Pass,Hayward,CA,94544
899,9558 Mallard Park,Maple Plain,MN,55579
900,6 Pine View Crossing,Boynton Beach,FL,33436
901,3 Surrey Junction,Yakima,WA,98907
902,1306 Anniversary Circle,Mc Keesport,PA,15134
903,2072 Harper Drive,Santa Fe,NM,87592
904,43 Del Sol Pass,Raleigh,NC,27615
905,25782 Calypso Point,Oceanside,CA,92056
906,232 Rusk Alley,Wichita,KS,67230
907,14977 Bunting Pass,Boston,MA,02104
908,873 Schlimgen Road,Pompano Beach,FL,33075
909,372 Blackbird Parkway,Honolulu,HI,96825
910,2 Old Shore Trail,Terre Haute,IN,47805
911,22659 Anzinger Park,Arlington,VA,22244
912,84 Superior Street,Riverside,CA,92505
913,7 Hagan Avenue,San Antonio,TX,78255
914,66 Northwestern Plaza,Kansas City,MO,64199
915,3 Northview Road,Glendale,AZ,85311
916,2255 Golden Leaf Trail,Worcester,MA,01654
917,3300 Dovetail Lane,Chicago,IL,60609
918,9684 Marcy Way,Great Neck,NY,11024
919,1730 Graedel Street,Prescott,AZ,86305
920,14 Melody Lane,Dallas,TX,75342
921,97363 Crownhardt Circle,Richmond,VA,23208
922,62 Drewry Trail,Boise,ID,83722
923,39682 Fairview Park,New York City,NY,10184
924,67759 Pond Center,Louisville,KY,40287
925,4 Meadow Vale Circle,San Antonio,TX,78245
926,3660 Jenifer Place,Arlington,VA,22225
927,91338 Tennessee Avenue,San Luis Obispo,CA,93407
928,907 Nelson Road,Fairfax,VA,22036
929,376 Mayer Road,Reno,NV,89510
930,89 Cherokee Lane,Bridgeport,CT,06673
931,577 American Ash Hill,Salt Lake City,UT,84145
932,87 Cody Court,Port Charlotte,FL,33954
933,32 Laurel Drive,Salt Lake City,UT,84189
934,05 Milwaukee Center,Saint Louis,MO,63126
935,4972 Warner Court,Fresno,CA,93794
936,28 Straubel Place,Saint Paul,MN,55114
937,952 Algoma Crossing,Las Vegas,NV,89125
938,6333 Twin Pines Avenue,Las Vegas,NV,89145
939,26076 Vidon Hill,Boise,ID,83727
940,52603 Farmco Hill,Las Vegas,NV,89193
941,20922 Dryden Center,Spokane,WA,99220
942,54177 Springs Road,Chicago,IL,60686
943,12 Manitowish Street,Tallahassee,FL,32399
944,2981 Hauk Alley,Greenville,SC,29615
945,45 Ilene Trail,Santa Monica,CA,90410
946,0 Riverside Court,Nashville,TN,37235
947,12 Granby Circle,Springfield,IL,62705
948,948 Hudson Pass,Harrisburg,PA,17105
949,2872 Glendale Lane,Atlanta,GA,31190
950,253 Norway Maple Center,Fort Wayne,IN,46896
951,5240 Doe Crossing Parkway,Washington,DC,20520
952,3 Miller Point,Baltimore,MD,21281
953,584 Northwestern Place,Cedar Rapids,IA,52410
954,39001 5th Circle,Jamaica,NY,11470
955,49 Maple Court,Duluth,GA,30096
956,57 Village Green Center,Columbus,GA,31904
957,59 Graedel Crossing,Mobile,AL,36628
958,5529 Pond Way,Gaithersburg,MD,20883
959,48 Atwood Alley,Fort Worth,TX,76110
960,27193 Towne Circle,Pasadena,CA,91186
961,5 Spaight Pass,Arlington,TX,76004
962,204 Division Park,Indianapolis,IN,46207
963,8382 Londonderry Court,Los Angeles,CA,90081
964,5232 Delaware Road,Portland,OR,97211
965,7 Lighthouse Bay Alley,San Antonio,TX,78260
966,08 Caliangt Avenue,Nashville,TN,37210
967,145 Transport Terrace,Pittsburgh,PA,15250
968,81 Brown Parkway,Washington,DC,20551
969,46 Scott Crossing,New York City,NY,10045
970,7577 Dunning Drive,Detroit,MI,48267
971,00 Dwight Park,Corpus Christi,TX,78475
972,8599 Loomis Hill,Louisville,KY,40287
973,47123 Cherokee Crossing,Corona,CA,92878
974,0 Shoshone Point,Greensboro,NC,27499
975,218 Carioca Lane,Santa Ana,CA,92705
976,4 Towne Park,San Francisco,CA,94159
977,7 4th Hill,Lexington,KY,40510
978,216 Stoughton Lane,Saint Louis,MO,63143
979,1380 Schlimgen Lane,Springfield,MO,65810
980,10 Lien Avenue,Van Nuys,CA,91411
981,2354 Division Pass,Spokane,WA,99260
982,9915 Leroy Park,Provo,UT,84605
983,0 Schlimgen Trail,Dallas,TX,75277
984,55 Granby Crossing,Sacramento,CA,94257
985,82 Claremont Drive,Hayward,CA,94544
986,6549 Superior Avenue,Washington,DC,20205
987,186 Lakewood Crossing,Hartford,CT,06145
988,3387 Dottie Pass,Tucson,AZ,85715
989,204 Weeping Birch Crossing,Decatur,GA,30033
990,69795 Acker Point,Virginia Beach,VA,23459
991,87 Bayside Crossing,Washington,DC,20546
992,536 6th Crossing,Fort Wayne,IN,46814
993,633 Hoffman Plaza,Seattle,WA,98140
994,1 Iowa Terrace,New Orleans,LA,70187
995,40363 Dawn Junction,Montgomery,AL,36119
996,7 Kingsford Parkway,Pittsburgh,PA,15261
997,7796 Shasta Place,Cambridge,MA,02142
998,4581 Doe Crossing Plaza,Duluth,GA,30195
999,536 Trailsway Park,Vienna,VA,22184
1000,7 Oxford Pass,Ocala,FL,34479
